"id","first_name","last_name","email","birthday"
1,"Blisse","Lillistone","blillistone0@bbb.org","1959-05-20"
4,"Shaine","Hughman","shughman3@elegantthemes.com","1974-03-27"
6,"Elmo","Frobisher","efrobisher5@ow.ly","1982-08-26"
7,"Jared","Anderl","janderl6@t-online.de","1957-10-21"
8,"Zoe","Meryett","zmeryett7@webnode.com","1966-11-23"
9,"Montague","Heers","mheers8@reddit.com","1998-09-22"
10,"Augy","Cazereau",NULL,NULL
11,"Jeremias","Hullbrook","jhullbrooka@nyu.edu","1981-12-23"
12,"Pia","Kiddy","pkiddyb@mtv.com","1991-07-17"
13,"Ardra","Vignaux","avignauxc@hugedomains.com","1973-03-05"
14,"Lissi","Mears","lmearsd@youku.com","1961-01-18"
15,"Harlie","Thynn","hthynne@harvard.edu","1964-06-22"
16,"Gerrie","Wilkenson","gwilkensonf@nps.gov","1952-05-29"
17,"Elset","Alessandrelli","ealessandrellig@yahoo.co.jp","1991-05-18"
18,"Casey","Rizon","crizonh@joomla.org","1994-03-14"
19,"Scarlett","Daouse","sdaousei@example.com","1989-05-04"
20,"Man","Stife","mstifej@hexun.com","1965-03-29"
21,"Ardath","Amort","aamortk@ebay.co.uk","1985-08-24"
22,"Augustus","Garrique","agarriquel@cbslocal.com","1961-05-09"
23,"Blanca","Aubrey","baubreym@artisteer.com","1984-05-18"
24,"Hetti","Seavers","hseaversn@mlb.com","1979-04-13"
25,"Jesselyn","Wingate","jwingateo@cocolog-nifty.com","1992-03-08"
26,"Nara","Casone","ncasonep@smh.com.au","1963-04-16"
27,"Shalne","Gratrix","sgratrixq@npr.org","1992-06-09"
28,"Sergio","Withur","swithurr@zimbio.com","1971-09-23"
29,"Rycca","Hunnam","rhunnams@deliciousdays.com","1989-11-02"
30,"Udall","Gounin","ugounint@narod.ru","1978-05-18"
31,"Tris","Garlee","tgarleeu@bloglines.com","1952-11-20"
32,"Annie","Gonoude","agonoudev@shareasale.com","1976-04-27"
34,"Onfroi","Vischi","ovischix@spiegel.de","1977-04-30"
35,"June","Merrigan","jmerrigany@wikispaces.com","1996-03-29"
36,"Ryley","Bratten","rbrattenz@lycos.com","1990-09-11"
37,"Lora","Havelin","lhavelin10@slideshare.net","1964-12-04"
39,"Carlotta","Alanbrooke","calanbrooke12@twitter.com","1957-06-30"
40,"Ivette","Bend","ibend13@vimeo.com","1954-07-14"
42,"Nadine","Burmaster","nburmaster15@qq.com","1975-03-01"
43,"Vivyanne","Rankin","vrankin16@imdb.com","1952-11-20"
44,"Consuelo","Fley","cfley17@ucoz.ru","1995-08-12"
45,"Ladonna","Harfoot",NULL,NULL
47,"Stephi","Helis","shelis1a@telegraph.co.uk","1991-04-09"
48,"Reed","Braidford","rbraidford1b@flickr.com","1968-12-22"
2,"UPDATE1","UPDATE1","update1@update1.com","1998-09-12"
88,"UPDATE2","UPDATE2","update2@update2.com","1998-09-12"
3,"UPDATE3","UPDATE3","update3@update1.co3","1998-09-12"
5,"UPDATE5","UPDATE5","update5@update5.com","1998-09-12"
